name,count
Baden-Wurttemberg,1123174
Queensland,372949
Hamburg,226544
Rheinland-Pfalz,71820
Rio Grande do Sul,67914
England,54053
California,45532
Manitoba,44362
Jawa Tengah,40073
New South Wales,37230
Victoria,34750
Flemish Region,34145
Alberta,33050
Mecklenburg-Vorpommern,31239
Schleswig-Holstein,28959
Canarias,26422
Nordrhein-Westfalen,24327
Catalunya,22210
Texas,21755
Tasmania,21752
Tokyo,16489
Grand-Est,15267
British Columbia,14994
Kalimantan Barat,13744
Occitanie,13629
Nouvelle-Aquitaine,13406
Toscana,12588
Alaska,11726
Utah,10885
Maryland,10534
Scotland,10489
Ohio,10134
Andalucia,9998
North Carolina,9971
Bern,9661
Berlin,9176
Washington,8934
Bretagne,8265
Kalimantan Timur,8244
Cundinamarca,8145
Canterbury,7944
Ontario,7838
New York,7604
Auckland,7360
Piemonte,7275
Distrito Capital de Bogota,7246
Tucuman,7195
Western Australia,7070
Oregon,6908
Thuringen,6880
Trentino-Alto Adige,6566
Khyber Pakhtunkhwa,6262
Zuid-Holland,6203
Colorado,6059
Nova Scotia,6057
New Jersey,6038
Lombardia,5987
Arizona,5747
Ciudad de México,5580
Atyrau oblysy,5469
Florida,5409
District of Columbia,5397
Pennsylvania,5376
Iowa,5263
Michigan,5244
Pais Vasco,5209
New Mexico,4941
Tartumaa,4882
Noord-Holland,4729
Ba Ria - Vung Tau,4607
Minnesota,4546
"Valenciana, Comunidad",4369
Niedersachsen,4217
Wellington,4206
Illinois,4072
Minas Gerais,3909
Connecticut,3827
Wales,3826
Brussels Hoofdstedelijk Gewest,3502
Kaohsiung,3382
Indiana,3368
Umbria,3364
Hawaii,3266
Shizuoka,3239
Vermont,3229
Veneto,3123
Antwerpen,3120
Sumatera Selatan,3108
Virginia,3090
South Australia,3052
Emilia-Romagna,3011
Saskatchewan,3001
Massachusetts,2987
Cantabria,2898
Kentucky,2790
Delhi,2731
Sumatera Barat,2649
Georgia,2610
Idaho,2605
Galicia,2555
Taipei,2521
Daugavpils,2498
Viken,2423
Friuli Venezia Giulia,2411
Hiroshima,2350
Bayern,2338
Pichincha,2296
Uusimaa,2289
Nevada,2269
Quebec,2245
Sardegna,2222
Chiba,2209
Taoyuan,2187
"Murcia, Region de",2161
Madhya Pradesh,2107
Bratislavsky kraj,2079
Sofia (stolitsa),2065
Oklahoma,2011
"Madrid, Comunidad de",1994
Reunion,1947
Buenos Aires,1933
Australian Capital Territory,1834
Noord-Brabant,1824
Tainan,1800
Primorskiy kray,1770
Gifu,1734
Antioquia,1710
Maine,1701
Trnava,1652
Zeeland,1645
New Hampshire,1644
Ile-de-France,1642
Mississippi,1632
Oslo,1623
Newfoundland and Labrador,1578
Missouri,1539
Ostergotlands lan,1536
Istanbul,1528
Klaipėdos miestas,1484
Vorarlberg,1476
Bourgogne-Franche-Comte,1454
Aveiro,1344
Drenthe,1213
North Dakota,1206
Wisconsin,1172
New Brunswick,1152
New Caledonia,1143
Varsinais-Suomi,1131
Bangkok,1114
Gauteng,1114
Liege,1102
Tamil Nadu,1078
Santa Fe,1075
Otago,1072
Sao Paulo,1058
Harjumaa,1052
"Navarra, Comunidad Foral de",1052
Wyoming,1051
Federacija Bosne i Hercegovine,1033
Laanemaa,1026
Northern Territory,1017
Lisboa,1014
Presov,1010
Presovsky kraj,1006
Chihuahua,985
Tirol,978
Côte-d'Or,974
Arkansas,972
Kerala,968
Kauno apskritis,963
Jawa Timur,959
Auvergne-Rhone-Alpes,954
Paris,948
Porto,939
Overijssel,919
Gelderland,910
Kriti,905
Zurich,892
Rhode Island,889
Kuwait city,882
Yukon,869
Tochigi,863
Delaware,841
Yogyakarta,837
Yilan,829
Lampung,777
Hokkaido,768
Vilniaus apskritis,766
Murmanskaya oblast,760
Alabama,756
"Asturias, Principado de",754
Dublin,716
Ille-et-Vilaine,710
Aceh,709
Neuquen,698
Valle del Cauca,696
Salta,694
Skane lan,687
Fryslan,673
Leningradskaya oblast,663
Silesia,652
Puglia,636
Nordland,618
Provence-Alps-French Riviera,612
Astana,611
Loja,591
Tennessee,586
Ceara,584
Cordoba,579
Banten,572
Grad Zagreb,559
La Paz,552
Mendoza,546
Saitama,537
Ahvenanmaan maakunta,523
Durazno,515
Midtjylland,510
Miyazaki,510
Hawke's Bay,509
Waikato,491
Penghu,488
Lubuskie,464
Louisiana,456
Arkhangel'skaya oblast',455
Flevoland,449
Lazio,439
Krung Thep Maha Nakhon,435
Nantou,432
Corse,422
Toyama,420
Distrito Federal,406
West Virginia,404
Sachsen,403
Valgamaa,403
National Capital District (Port Moresby),395
Ho Chi Minh,391
Slaskie,387
Liguria,370
Sankt Gallen,370
Alagoas,364
Regiao Autonoma da Madeira,364
Uttar Pradesh,353
Catamarca,345
Gabrovo,344
Vastmanlands lan,343
Makkah al Mukarramah,341
Rogaland,341
Taranaki,338
Aichi,334
Pomeranie,333
Bus-Rhin,329
Herault,323
Burgenland,319
Gansu,319
Basel-Stadt,317
Leinster,316
Vasterbottens lan,314
Rio Negro,308
Capital Region,299
Schwyz,299
Kosice,296
Thanh Hoa,293
Seine-Maritime,292
Namur,285
Pirkanmaa,282
Ljubljana,281
Banskobystricky kraj,280
Faro,273
San Jose,265
Nelson,258
Oost-Vlaanderen,252
Basilicata,244
Izmir,244
Braga,243
Aragon,239
Alytaus apskritis,232
Akita,225
Nusa Tenggara Barat,219
Konya province,218
Pernambuco,218
Misiones,214
Nebraska,212
Ajman,204
Asuncion,204
Sarawak,201
Kretinga,200
West Coast,193
Veracruz de Ignacio de la Llave,190
Bar,183
Pardubice,180
Jawa Barat,169
Basel-Landschaft,163
Groningen,162
La Pampa,160
Puerto Rico,160
Zagrebacka zupanija,158
Fukushima,155
Rocha,148
Pyrénées-Atlantiques,145
Quang Ngai,145
Queretaro,145
Marlborough,144
Viljandimaa,139
Calabarzon,137
French Polynesia,136
Guanajuato,134
Extremadura,131
Heredia,131
Yalova province,130
Aosta Valley,128
Hessen,125
Goias,123
Aland,119
Valais,119
Alajuela,118
Qassim,118
Attiki,116
Entre Rios,116
Lumbini province,110
Walloon Region,110
Jerusalem,108
Budva,100
Nuevo Leon,97
Cajamarca,95
Azuay,92
Longford,92
Maluku Utara,90
Viseu,90
Bay of Plenty,89
Friuli-Venezia Giulia,87
Gia Lai,84
Guayas,84
Sicilia,84
Brandenburg,82
Karnali Province,82
Prince Edward Island,79
Eastern province (Saudi),78
Waterford,78
Galway,76
Al 'Asimah,70
Lappi,70
HaMerkaz,69
Madhesh,69
Jarvamaa,68
Lower Silesia,67
Zhejiang,64
Salzburg,61
Coimbra,56
Kanagawa,56
Vinh Long,56
Nizhegorodskaya oblast',55
Bouches-du-Rhône,53
Northern Ireland,48
Kalmar lan,47
Normandie,47
Sharjah,47
Rio de Janeiro,44
Busan-gwangyeoksi,43
Karnten,42
Haifa,41
Jakarta Raya,41
Kronobergs lan,40
Jambi,36
Marche,35
Andhra Pradesh,34
Regiao Autonoma dos Acores,34
Kalimantan Selatan,33
Hyogo,32
Nord,31
Timis department,31
Campania,30
Uppsala lan,30
Northland,29
Puebla,28
Sulawesi Tenggara,28
Kalimantan Utara province,27
Kwazulu-Natal,24
"Buryatiya, Respublika",21
Klaipeda County,19
Rio Grande do Norte,19
Šilutė,15
Nusa Tenggara Timur,14
Liberec Region,13
Seoul-teukbyeolsi,12
Sofia,12
Yamagata,10
Khorasan-e Shomali,7
Geneve,6
Niederosterreich,6
Gomel Region,4
